alpha,delta,objective,initial_position_LV,initial_velocity,s0,V_0,car,acc_co,dec_co,com_time
0,1.0,7.438778994267075,3368.231052285657,113,14.0,30,20,279,1.08,1.2024,0 days 00:57:49.325003000
1,0.999041497215064,3.780758441607294,3373.381976633982,113,14.0,30,20,279,1.08,1.2024,0 days 00:15:43.349067000
2,1.0,7.438778994267075,3368.231052285657,113,14.0,30,20,279,1.08,1.2024,0 days 00:57:49.325003000
3,0.999041497215064,3.780758441607294,3373.381976633982,113,14.0,30,20,279,1.08,1.2024,0 days 00:15:43.349067000
4,1.0,2.029211370226263,9232.551547421508,113,9.0,30,20,251,1.32,1.4696,0 days 00:45:08.602288000
5,0.5917107118627224,3.6972308650664334,3497.7221260518404,113,9.0,30,20,251,1.32,1.4696,0 days 00:11:51.075400000
6,1.0,3.3326135735213653,3155.7405934516883,113,13.0,30,20,245,1.49,1.6588666666666665,0 days 00:44:42.623559000
7,0.9358709181483672,3.8952717349946,3103.584585679208,113,13.0,30,20,245,1.49,1.6588666666666665,0 days 00:11:44.376529000
8,1.0,7.606094925122168,,113,6.0,30,20,292,1.13,1.2580666666666669,0 days 00:46:38.022211000
9,0.5115695357562635,7.963185433490843,3877.269610772317,113,6.0,30,20,292,1.13,1.2580666666666669,0 days 00:12:00.552557000
10,1.0,6.2915256800369095,3114.9712204985985,113,13.0,30,20,286,1.43,1.5920666666666663,0 days 00:58:05.416020000
11,0.9253499779092678,4.081495127106669,3043.168531269462,113,13.0,30,20,286,1.43,1.5920666666666663,0 days 00:16:21.570361000
12,1.0,6.963121410781947,4009.563067915763,113,12.0,30,20,319,0.44,0.4898666666666667,0 days 00:50:44.695788000
13,0.7958491609819299,4.45914542834947,3227.558536093137,113,12.0,30,20,319,0.44,0.4898666666666667,0 days 00:12:52.852959000
14,1.0,3.239686892099098,,113,7.0,30,20,325,0.24,0.2672,0 days 01:05:38.098270000
15,0.5138289428665013,6.985820697350213,3858.356371999189,113,7.0,30,20,325,0.24,0.2672,0 days 00:17:44.173039000
16,1.0,5.89871698689576,14455.71620221705,113,10.0,30,20,331,0.03,0.0334,0 days 02:20:58.304845000
17,0.4793561927957349,6.5436720719341865,4916.507413816869,113,10.0,30,20,331,0.03,0.0334,0 days 00:35:32.783785000
18,1.0,4.0365714273048106,3896.4618799761406,113,12.0,30,20,330,1.0,1.1133333333333333,0 days 00:59:41.547074000
19,0.7973365530364915,5.868582623522375,3166.3986488741107,113,12.0,30,20,330,1.0,1.1133333333333333,0 days 00:16:01.187940000
20,1.0,2.2226417855344294,10133.26045712702,113,11.0,30,20,324,0.04,0.04453333333333333,0 days 01:56:44.188046000
21,0.5590591239202329,6.597574115916401,4264.611557175088,113,11.0,30,20,324,0.04,0.04453333333333333,0 days 00:31:54.774854000
22,1.0,6.387466805491214,11975.762642607218,113,8.0,30,20,318,0.38,0.42306666666666665,0 days 00:48:23.517503000
23,0.5510709174421324,6.4573753160104,3707.485829166917,113,8.0,30,20,318,0.38,0.42306666666666665,0 days 00:12:53.617913000
24,1.0,3.0798882960887903,5157.31802609822,113,11.0,30,20,287,1.47,1.6365999999999998,0 days 00:57:36.058392000
25,0.7239911324537144,3.670851615084543,3387.7315986451754,113,11.0,30,20,287,1.47,1.6365999999999998,0 days 00:16:20.435078000
26,1.0,5.377371957047508,7167.26905806269,113,10.0,30,20,293,0.66,0.7348,0 days 00:57:48.988455000
27,0.6421344558364599,3.818921655244053,3447.309632433477,113,10.0,30,20,293,0.66,0.7348,0 days 00:15:43.695631000
28,1.0,3.3427165891361637,,113,7.0,30,20,244,1.29,1.4362,0 days 00:45:07.505349000
29,0.5269934432635214,7.417138103644131,3714.5472624261797,113,7.0,30,20,244,1.29,1.4362,0 days 00:11:51.397704000
30,1.0,2.2553762593505193,17261.161962693517,113,6.0,30,20,250,0.29,0.32286666666666664,0 days 00:49:50.121791000
31,0.4960165777367014,4.5734294761168375,3935.3626869066493,113,6.0,30,20,250,0.29,0.32286666666666664,0 days 00:13:06.114478000
32,1.0,6.0661193911163815,19174.54889565666,113,5.0,30,20,278,0.68,0.7570666666666667,0 days 00:59:01.028301000
33,0.4899030571766422,3.3515449361693945,3957.323375579742,113,5.0,30,20,278,0.68,0.7570666666666667,0 days 00:16:05.156702000
34,1.0,2.9779196973267426,,113,10.0,30,20,246,1.21,1.3471333333333333,0 days 00:44:53.542256000
35,0.6506059467838438,5.735351319239517,3464.6208293461627,113,10.0,30,20,246,1.21,1.3471333333333333,0 days 00:11:48.045709000
36,1.0,3.1355577788429025,9194.609867349965,113,9.0,30,20,252,1.44,1.6032,0 days 00:45:10.261283000
37,0.5934632472544643,6.882629551419308,3510.563849034541,113,9.0,30,20,252,1.44,1.6032,0 days 00:11:50.387314000
38,1.0,5.363589455402568,17138.440626713906,113,6.0,30,20,285,0.32,0.3562666666666667,0 days 01:03:19.017150000
39,0.4990182415025693,4.031770780229168,3931.7543971301343,113,6.0,30,20,285,0.32,0.3562666666666667,0 days 00:17:39.410297000
40,1.0,7.087088762763913,11621.572009240193,113,8.0,30,20,291,0.91,1.0131333333333332,0 days 00:58:24.053807000
41,0.5553217188227719,5.1791547628716135,3631.4408745948213,113,8.0,30,20,291,0.91,1.0131333333333332,0 days 00:16:09.820977000
42,1.0,2.6613056755470716,14013.513157742109,113,7.0,30,20,332,0.95,1.0576666666666668,0 days 00:58:51.579571000
43,0.5297752302851583,5.5145448272241335,3755.211733709532,113,7.0,30,20,332,0.95,1.0576666666666668,0 days 00:15:52.178946000
44,1.0,2.8623907521939236,18998.469184392365,113,5.0,30,20,326,1.37,1.5252666666666668,0 days 00:58:28.185692000
45,0.4914738101764885,4.2314976273552,3914.1555094505175,113,5.0,30,20,326,1.37,1.5252666666666668,0 days 00:15:46.856152000
46,1.0,3.515214664808342,14123.2845645634,113,7.0,30,20,327,0.77,0.8572666666666666,0 days 01:01:04.301752000
47,0.5267743398421353,4.184719409872374,3743.836212407495,113,7.0,30,20,327,0.77,0.8572666666666666,0 days 00:17:03.177549000
48,1.0,6.218378299897461,4018.295279862461,113,12.0,30,20,333,0.42,0.4676,0 days 01:03:03.185971000
49,0.7974579477286231,6.182663575627962,3253.762594353936,113,12.0,30,20,333,0.42,0.4676,0 days 00:17:43.991557000
50,1.0,6.153098705625625,13979.055509093016,113,7.0,30,20,290,1.23,1.3694,0 days 00:58:45.180254000
51,0.5300337837626741,3.6768614851162327,3733.542436598037,113,7.0,30,20,290,1.23,1.3694,0 days 00:16:02.593605000
52,1.0,4.169386978765841,9738.74826916293,113,9.0,30,20,284,0.31,0.3451333333333333,0 days 01:03:56.536606000
53,0.5832286996328527,7.571197772298249,3615.0770631357177,113,9.0,30,20,284,0.31,0.3451333333333333,0 days 00:17:49.932578000
54,1.0,3.522738024978391,7009.737737473111,113,10.0,30,20,253,1.41,1.5698,0 days 00:44:39.095090000
55,0.6479646687099835,3.653382199155958,3439.5203008687554,113,10.0,30,20,253,1.41,1.5698,0 days 00:11:41.935784000
56,1.0,4.038008118958556,16735.29666901166,113,6.0,30,20,247,0.5700000000000001,0.6346,0 days 00:46:33.567352000
57,0.5045237000493544,2.7651216264176424,3871.771549081285,113,6.0,30,20,247,0.5700000000000001,0.6346,0 days 00:12:12.893799000
58,1.0,6.405179108595613,5346.801570041256,113,11.0,30,20,243,0.59,0.6568666666666666,0 days 00:45:48.826901000
59,0.7072059949865949,7.0318573530947575,3331.737982152647,113,11.0,30,20,243,0.59,0.6568666666666666,0 days 00:12:02.426568000
60,1.0,5.150107798007903,7147.685469919348,113,10.0,30,20,257,0.77,0.8572666666666666,0 days 00:47:19.218187000
61,0.6415402765707086,4.1072878682971785,3426.352605672193,113,10.0,30,20,257,0.77,0.8572666666666666,0 days 00:11:59.300473000
62,1.0,2.250513945269017,3170.937863511396,113,13.0,30,20,280,0.93,1.0354,0 days 00:58:17.777093000
63,0.9331794717006546,3.5841606611165107,3110.734112201143,113,13.0,30,20,280,0.93,1.0354,0 days 00:15:51.180477000
64,1.0,3.9215454486242582,6970.416270886481,113,10.0,30,20,294,1.38,1.5364,0 days 00:44:40.172473000
65,0.6518745188228581,5.18063306191257,3473.204286596057,113,10.0,30,20,294,1.38,1.5364,0 days 00:11:45.314450000
66,1.0,3.7802728893829953,9069.414392670344,113,9.0,30,20,337,1.42,1.580933333333333,0 days 00:59:58.191170000
67,0.6014863629939585,2.823221451771093,3587.1340274432914,113,9.0,30,20,337,1.42,1.580933333333333,0 days 00:16:48.690174000
68,1.0,6.7127630428623855,7055.4865693188185,113,10.0,30,20,323,1.26,1.4028,0 days 00:58:19.355237000
69,0.6442344831582622,5.7022193444249405,3416.932369078684,113,10.0,30,20,323,1.26,1.4028,0 days 00:15:43.193032000
70,1.0,7.702471180567253,,113,7.0,30,20,322,1.29,1.4362,0 days 00:57:20.534712000
71,0.5278712389793863,2.8225961139189453,3714.489149391628,113,7.0,30,20,322,1.29,1.4362,0 days 00:17:01.305503000
72,1.0,5.03706439753166,13940.667368103865,113,7.0,30,20,336,1.15,1.280333333333333,0 days 01:00:08.283364000
73,0.5322669855419692,6.659129313270785,3760.040964836716,113,7.0,30,20,336,1.15,1.280333333333333,0 days 00:16:55.141153000
74,1.0,2.3980112876736706,9373.749663251614,113,9.0,30,20,295,0.61,0.6791333333333333,0 days 00:45:37.813711000
75,0.5915113937969836,2.319603580903504,3553.1455130014147,113,9.0,30,20,295,0.61,0.6791333333333333,0 days 00:11:51.050040000
76,1.0,2.9835649300645803,,113,8.0,30,20,281,0.46,0.5121333333333333,0 days 01:01:07.908853000
77,0.5531919715992332,3.464111849684714,3692.272677575463,113,8.0,30,20,281,0.46,0.5121333333333333,0 days 00:16:41.339829000
78,1.0,5.654559246123982,,113,13.0,30,20,256,1.2,1.336,0 days 00:44:49.902167000
79,0.9336396049482611,7.417396078247108,3104.219942728156,113,13.0,30,20,256,1.2,1.336,0 days 00:11:49.319470000
80,1.0,5.787883028883057,,113,5.0,30,20,242,0.71,0.7904666666666665,0 days 00:45:40.703926000
81,0.4903337933344306,2.66071221308511,3962.858614387063,113,5.0,30,20,242,0.71,0.7904666666666665,0 days 00:12:02.261157000
82,1.0,3.939485748780117,,113,7.0,30,20,254,1.3,1.4473333333333334,0 days 00:45:10.011718000
83,0.5310131885202994,6.793649531094773,3754.662409918574,113,7.0,30,20,254,1.3,1.4473333333333334,0 days 00:11:51.604599000
84,1.0,5.859710748161313,5556.716881992002,113,11.0,30,20,240,0.33,0.3674,0 days 00:50:30.342468000
85,0.6995582802780436,6.846827923578646,3357.5609360640656,113,11.0,30,20,240,0.33,0.3674,0 days 00:12:47.982602000
86,1.0,3.6924486287474783,,113,14.0,30,20,268,0.46,0.5121333333333333,0 days 00:51:36.869221000
87,0.9997220043027428,2.1683378501842623,3326.1377570218538,113,14.0,30,20,268,0.46,0.5121333333333333,0 days 00:13:30.562848000
88,1.0,3.3895277531764902,3201.727815227089,113,13.0,30,20,297,0.67,0.7459333333333333,0 days 00:46:35.117242000
89,0.9305826940214706,2.5278482856068574,3138.30281451035,113,13.0,30,20,297,0.67,0.7459333333333333,0 days 00:12:14.066574000
90,1.0,3.5248177195538446,16536.438824476954,113,6.0,30,20,283,1.36,1.514133333333333,0 days 00:57:41.131422000
91,0.5052462836619084,4.6776381965778215,3795.196938735343,113,6.0,30,20,283,1.36,1.514133333333333,0 days 00:16:13.477133000
92,1.0,4.05107897987725,3370.381114247049,113,14.0,30,20,320,0.45,0.501,0 days 00:47:55.025374000
93,0.9975160561424052,4.7177259372881934,3378.5955161478905,113,14.0,30,20,320,0.45,0.501,0 days 00:12:50.283011000
94,1.0,6.292333746579351,9367.339998398496,113,9.0,30,20,334,0.51,0.5678,0 days 01:02:00.615163000
95,0.5953180301930227,3.53343741204836,3611.710922545701,113,9.0,30,20,334,0.51,0.5678,0 days 00:17:20.614174000
96,1.0,5.433459969303677,30002.208370766966,113,5.0,30,20,308,0.03,0.0334,0 days 01:57:21.881789000
97,0.3634150996184572,2.8672261973982263,5845.142252906386,113,5.0,30,20,308,0.03,0.0334,0 days 00:30:17.265974000
98,1.0,5.544416379821216,9052.824932769898,113,9.0,30,20,309,1.28,1.4250666666666667,0 days 00:49:20.473354000
99,0.6034831046306177,3.723332053143792,3609.27438871406,113,9.0,30,20,309,1.28,1.4250666666666667,0 days 00:12:41.140007000
100,1.0,4.1332116797418115,3872.2842338770924,113,12.0,30,20,335,1.4,1.5586666666666666,0 days 00:58:16.546982000
101,0.8015942482678965,7.924716289565603,3171.44768664774,113,12.0,30,20,335,1.4,1.5586666666666666,0 days 00:15:44.856954000
102,1.0,5.02955885059992,,113,14.0,30,20,321,0.56,0.6234666666666667,0 days 01:01:01.610667000
103,0.9999830659457192,6.6357866173191145,3366.4468429280328,113,14.0,30,20,321,0.56,0.6234666666666667,0 days 00:15:47.718195000
104,1.0,6.908669011251244,3205.1383855890954,113,13.0,30,20,282,0.59,0.6568666666666666,0 days 00:59:40.850261000
105,0.9271711481551412,7.269297282092164,3134.563812013153,113,13.0,30,20,282,0.59,0.6568666666666666,0 days 00:16:18.038942000
106,1.0,4.0513146217258535,3189.0968038634,113,13.0,30,20,296,0.65,0.7236666666666667,0 days 00:59:13.106165000
107,0.9264331203641384,2.781005747934556,3118.0003380790513,113,13.0,30,20,296,0.65,0.7236666666666667,0 days 00:16:57.687051000
108,1.0,2.3510753789241496,11554.405205042825,113,8.0,30,20,269,1.07,1.1912666666666667,0 days 00:52:21.477494000
109,0.5577704149618898,4.460103517847679,3639.849218213519,113,8.0,30,20,269,1.07,1.1912666666666667,0 days 00:13:41.960478000
110,1.0,4.984952220955258,18008.67334726754,113,6.0,30,20,241,0.18,0.2004,0 days 00:55:00.306011000
111,0.4823256478060463,2.1834213091828225,3998.3872635855614,113,6.0,30,20,241,0.18,0.2004,0 days 00:14:01.826586000
112,1.0,6.88819333794939,6490.1882805785835,113,14.0,30,20,255,0.02,0.022266666666666667,0 days 02:50:22.462424000
113,0.7347757947375246,4.524094913816947,5370.895562224505,113,14.0,30,20,255,0.02,0.022266666666666667,0 days 00:39:32.571121000
114,1.0,5.4987400697075834,3395.309692015421,113,14.0,30,20,232,0.86,0.9574666666666666,0 days 00:46:26.522779000
115,0.9997580195670138,7.8152417882596446,3398.6855757173307,113,14.0,30,20,232,0.86,0.9574666666666666,0 days 00:11:55.228075000
116,1.0,6.676090639116705,3204.000000611553,113,13.0,30,20,226,0.55,0.6123333333333334,0 days 00:51:11.682376000
117,0.9242917736333112,7.215574137732157,3127.187166163233,113,13.0,30,20,226,0.55,0.6123333333333334,0 days 00:13:22.518596000
118,1.0,6.403854784865813,,113,7.0,30,20,346,0.09,0.1002,0 days 01:24:40.526832000
119,0.4741044615221428,5.593639484833499,4140.841999755861,113,7.0,30,20,346,0.09,0.1002,0 days 00:21:34.328769000
120,1.0,3.9997686754789177,7059.556595990065,113,10.0,30,20,352,0.8300000000000001,0.9240666666666668,0 days 01:01:01.846593000
121,0.649287394165607,4.465906113133668,3479.892290568675,113,10.0,30,20,352,0.8300000000000001,0.9240666666666668,0 days 00:15:57.995058000
122,1.0,2.655978786436208,5655.3407010138135,113,11.0,30,20,385,0.28,0.31173333333333336,0 days 01:04:09.755640000
123,0.6924939128835225,2.6920040852085387,3362.3572539859615,113,11.0,30,20,385,0.28,0.31173333333333336,0 days 00:15:56.008018000
124,1.0,3.6972367147601215,13923.67707765568,113,7.0,30,20,391,1.37,1.5252666666666668,0 days 00:45:07.920204000
125,0.5314470663383721,5.4017640063197625,3746.127738613648,113,7.0,30,20,391,1.37,1.5252666666666668,0 days 00:11:49.469632000
126,1.0,4.721162777431919,3248.428633449356,113,13.0,30,20,390,0.43,0.4787333333333333,0 days 00:46:43.126391000
127,0.9232236236149208,7.204724319377348,3168.076811949852,113,13.0,30,20,390,0.43,0.4787333333333333,0 days 00:12:06.790228000
128,1.0,5.423944010470604,3867.7584968160327,113,12.0,30,20,384,1.45,1.6143333333333332,0 days 00:58:33.538400000
129,0.8075876264186684,7.147186751873219,3202.734241812775,113,12.0,30,20,384,1.45,1.6143333333333332,0 days 00:15:20.421308000
130,1.0,6.596803667464013,5215.637381203116,113,11.0,30,20,353,1.49,1.6588666666666665,0 days 01:00:57.012681000
131,0.7124325720435833,3.955340333349176,3304.982927175967,113,11.0,30,20,353,1.49,1.6588666666666665,0 days 00:15:51.296193000
132,1.0,2.0250765715880488,,113,12.0,30,20,347,0.87,0.9686,0 days 01:01:42.904815000
133,0.8058482778268719,4.810316238042245,3224.370175710493,113,12.0,30,20,347,0.87,0.9686,0 days 00:15:58.107701000
134,1.0,3.0758280440171823,13881.384511970144,113,7.0,30,20,227,1.06,1.1801333333333333,0 days 00:44:56.387374000
135,0.533714787328458,6.888582242606236,3799.415603886335,113,7.0,30,20,227,1.06,1.1801333333333333,0 days 00:11:46.204868000
136,1.0,3.2446007453834986,3230.748713211409,113,13.0,30,20,233,0.58,0.6457333333333333,0 days 00:47:11.451563000
137,0.9337908955580152,5.05637832253912,3170.0890230240007,113,13.0,30,20,233,0.58,0.6457333333333333,0 days 00:12:05.101515000
138,1.0,6.593161374021954,3350.6084536781136,113,14.0,30,20,219,0.7000000000000001,0.7793333333333333,0 days 01:01:05.899609000
139,0.99855089363677,3.8474149080943216,3356.772280445727,113,14.0,30,20,219,0.7000000000000001,0.7793333333333333,0 days 00:15:50.808834000
140,1.0,6.214054349887389,14120.908240233892,113,7.0,30,20,225,0.67,0.7459333333333333,0 days 00:45:42.067155000
141,0.5285317933347194,6.265650477363415,3776.553602615888,113,7.0,30,20,225,0.67,0.7459333333333333,0 days 00:12:01.548457000
142,1.0,2.170432351227093,26804.312635076694,113,6.0,30,20,231,0.03,0.0334,0 days 01:49:47.021050000
143,0.3766852480272301,3.9553255013140287,5679.370785361627,113,6.0,30,20,231,0.03,0.0334,0 days 00:32:04.339591000
144,1.0,3.9546366642020616,11437.252554086968,113,8.0,30,20,379,1.24,1.3805333333333332,0 days 00:58:30.726782000
145,0.5624187047670081,6.363337265971338,3679.8889657904942,113,8.0,30,20,379,1.24,1.3805333333333332,0 days 00:15:05.479621000
146,1.0,2.8450150446639864,3420.925868985374,113,14.0,30,20,351,1.11,1.2358,0 days 00:46:47.972001000
147,0.9991656767896192,6.832821523944903,3425.8819750458465,113,14.0,30,20,351,1.11,1.2358,0 days 00:12:17.246906000
148,1.0,3.216648550677946,3173.5830244611693,113,13.0,30,20,345,1.05,1.169,0 days 00:47:04.367643000
149,0.9338713100851468,2.527472022738917,3118.979722056112,113,13.0,30,20,345,1.05,1.169,0 days 00:12:05.309604000
150,1.0,4.948520072456415,5224.293065418892,113,11.0,30,20,392,1.15,1.280333333333333,0 days 00:49:25.719326000
151,0.7147605635289619,7.503529611310627,3330.058901527548,113,11.0,30,20,392,1.15,1.280333333333333,0 days 00:12:39.598373000
152,1.0,7.843065684911207,11472.830711096685,113,8.0,30,20,386,0.94,1.046533333333333,0 days 00:46:13.011759000
153,0.5629842776639717,7.9479273407515345,3702.225187238088,113,8.0,30,20,386,0.94,1.046533333333333,0 days 00:11:58.694908000
154,1.0,5.594110946264943,6099.358584764583,113,11.0,30,20,387,0.17,0.18926666666666667,0 days 00:58:21.565713000
155,0.6754536427963138,6.399989704748961,3413.949432317854,113,11.0,30,20,387,0.17,0.18926666666666667,0 days 00:14:42.135553000
156,1.0,4.2455023436061365,18941.577747655145,113,5.0,30,20,393,1.06,1.1801333333333333,0 days 00:45:35.575265000
157,0.4946767319850466,3.74300031089488,3970.30070559234,113,5.0,30,20,393,1.06,1.1801333333333333,0 days 00:11:55.909500000
158,1.0,6.3797592911153,,113,11.0,30,20,344,0.56,0.6234666666666667,0 days 00:51:51.006623000
159,0.7107608792337599,5.00337284182716,3359.251320574312,113,11.0,30,20,344,0.56,0.6234666666666667,0 days 00:13:04.827626000
160,1.0,6.963902687482443,11665.926725955977,113,8.0,30,20,350,0.6,0.6679999999999999,0 days 00:50:47.259403000
161,0.5581552017851186,6.446041721286734,3701.113564475076,113,8.0,30,20,350,0.6,0.6679999999999999,0 days 00:13:15.356195000
162,1.0,4.588641614236825,19148.192441319883,113,5.0,30,20,378,0.74,0.8238666666666666,0 days 00:59:30.952724000
163,0.4895491864597909,3.0328651099375983,3949.1599381223177,113,5.0,30,20,378,0.74,0.8238666666666666,0 days 00:15:21.708795000
164,1.0,3.988149935209257,3325.4916984255715,113,14.0,30,20,230,0.62,0.6902666666666666,0 days 00:48:23.816608000
165,0.9966296997615728,3.2064742437797724,3335.842568301983,113,14.0,30,20,230,0.62,0.6902666666666666,0 days 00:12:27.997364000
166,1.0,2.2517561266319808,3888.5529311413347,113,12.0,30,20,224,1.07,1.1912666666666667,0 days 00:45:50.493510000
167,0.8023390272286282,4.2299087744322605,3189.9109782473424,113,12.0,30,20,224,1.07,1.1912666666666667,0 days 00:12:01.381728000
168,1.0,2.7112502507300933,15133.07965639569,113,8.0,30,20,218,0.08,0.08906666666666667,0 days 01:26:31.636884000
169,0.4921596687172029,5.4634995299690665,4075.999352322647,113,8.0,30,20,218,0.08,0.08906666666666667,0 days 00:20:14.368982000
170,1.0,7.218918359117635,,113,5.0,30,20,220,0.24,0.2672,0 days 01:06:55.428053000
171,0.4749526466466412,3.0476713461580247,4052.1159362358253,113,5.0,30,20,220,0.24,0.2672,0 days 00:17:04.722776000
172,1.0,7.849016863222479,11965.776701276309,113,8.0,30,20,234,0.37,0.4119333333333333,0 days 00:49:14.626695000
173,0.5523291027728142,4.898483681673658,3725.751369113117,113,8.0,30,20,234,0.37,0.4119333333333333,0 days 00:12:40.764677000
174,1.0,4.569127290837995,3409.371659056579,113,14.0,30,20,208,1.16,1.2914666666666663,0 days 00:57:25.981640000
175,0.9996579717722645,7.875013651490249,3413.0164222802223,113,14.0,30,20,208,1.16,1.2914666666666663,0 days 00:15:01.734822000
176,1.0,3.0426635238909983,19177.724270101397,113,5.0,30,20,354,1.0,1.1133333333333333,0 days 00:46:41.121346000
177,0.4867740414653435,4.313586534888459,3882.400150865822,113,5.0,30,20,354,1.0,1.1133333333333333,0 days 00:12:13.076830000
178,1.0,4.855450486603722,10369.893298116842,113,10.0,30,20,340,0.07,0.07793333333333334,0 days 01:08:39.580003000
179,0.5584348016061733,5.459154769546495,3875.124144812374,113,10.0,30,20,340,0.07,0.07793333333333334,0 days 00:18:07.211091000
180,1.0,6.2950087350031305,7018.102593867803,113,10.0,30,20,368,1.37,1.5252666666666668,0 days 00:58:11.943550000
181,0.646550066640521,4.127167376538715,3436.164756476925,113,10.0,30,20,368,1.37,1.5252666666666668,0 days 00:15:34.709180000
182,1.0,5.392017143495342,7122.009567697582,113,10.0,30,20,397,0.91,1.0131333333333332,0 days 00:45:28.074341000
183,0.6411811352341807,4.992136041326319,3413.7420640486907,113,10.0,30,20,397,0.91,1.0131333333333332,0 days 00:11:54.837309000
184,1.0,7.702421757459831,3983.859871643424,113,12.0,30,20,383,0.49,0.5455333333333333,0 days 01:00:45.385454000
185,0.8021088068482739,6.106636787754495,3255.1626283897162,113,12.0,30,20,383,0.49,0.5455333333333333,0 days 00:15:49.547701000
186,1.0,6.472483761323116,12503.290997506736,113,8.0,30,20,382,0.23,0.25606666666666666,0 days 01:06:00.982392000
187,0.5406042244724452,5.373358455810976,3752.30440805452,113,8.0,30,20,382,0.23,0.25606666666666666,0 days 00:16:46.923528000
188,1.0,5.025293278952884,,113,10.0,30,20,396,1.12,1.2469333333333334,0 days 00:56:37.240722000
189,0.6452191100843733,5.138073201660369,3430.03006592846,113,10.0,30,20,396,1.12,1.2469333333333334,0 days 00:13:29.606870000
190,1.0,4.146715103947448,3344.8095625784645,113,14.0,30,20,369,0.27,0.30060000000000003,0 days 00:55:56.731159000
191,0.9965597991321172,4.480373972991939,3353.3195152241187,113,14.0,30,20,369,0.27,0.30060000000000003,0 days 00:13:04.587531000
192,1.0,7.1900801661655045,17238.70738386944,113,6.0,30,20,341,0.3,0.334,0 days 00:48:54.430896000
193,0.496321277111255,7.2341442878053375,3924.162136076445,113,6.0,30,20,341,0.3,0.334,0 days 00:12:52.066792000
194,1.0,7.934135749676647,18921.80183959635,113,5.0,30,20,355,1.04,1.1578666666666666,0 days 00:47:46.249775000
195,0.4952844618541786,2.234769591535212,3981.3415435398933,113,5.0,30,20,355,1.04,1.1578666666666666,0 days 00:12:02.382762000
196,1.0,2.6535935687479504,14534.103640588692,113,7.0,30,20,209,0.36,0.4008,0 days 01:02:05.700020000
197,0.5206470905818007,2.2015667082264523,3803.2438351634637,113,7.0,30,20,209,0.36,0.4008,0 days 00:15:47.401679000
198,1.0,3.7269664848451503,10970.08748558032,113,10.0,30,20,235,0.06,0.0668,0 days 01:15:09.297076000
199,0.5460693054608989,5.977091905214706,3993.418783809851,113,10.0,30,20,235,0.06,0.0668,0 days 00:19:29.002355000
200,1.0,2.790754854727989,4009.563067915763,113,12.0,30,20,221,0.44,0.4898666666666667,0 days 01:03:35.266031000
201,0.7950266539343673,6.804616864922483,3227.541629692086,113,12.0,30,20,221,0.44,0.4898666666666667,0 days 00:16:16.463809000
202,1.0,7.466286143181093,3295.295797909865,113,14.0,30,20,237,0.5,0.5566666666666666,0 days 00:49:14.332624000
203,0.997969522544562,4.938608091015425,3302.2493071653657,113,14.0,30,20,237,0.5,0.5566666666666666,0 days 00:12:25.339887000
204,1.0,3.5050718805288668,19156.723860983733,113,5.0,30,20,223,0.6900000000000001,0.7682,0 days 01:01:38.659489000
205,0.4899957831241718,2.664759862374185,3961.2902178458457,113,5.0,30,20,223,0.6900000000000001,0.7682,0 days 00:15:55.100177000
206,1.0,2.9091506689468964,16520.690325688087,113,6.0,30,20,343,0.79,0.8795333333333334,0 days 00:59:14.721034000
207,0.5094006757920652,7.222130316487816,3885.3481674750033,113,6.0,30,20,343,0.79,0.8795333333333334,0 days 00:15:41.823129000
208,1.0,6.601549348879723,7075.500631152185,113,10.0,30,20,357,1.07,1.1912666666666667,0 days 00:52:17.604412000
209,0.6439148928070133,2.5756713663333928,3423.4549449829246,113,10.0,30,20,357,1.07,1.1912666666666667,0 days 00:12:27.512765000
210,1.0,6.445458193976001,7242.721677492688,113,10.0,30,20,380,0.48,0.5344,0 days 00:46:29.646610000
211,0.6430262166735041,6.523413141264787,3488.217636191533,113,10.0,30,20,380,0.48,0.5344,0 days 00:12:14.992550000
212,1.0,3.3816308987430155,7061.372604379289,113,10.0,30,20,394,0.78,0.8684,0 days 00:45:31.115828000
213,0.6494266195166346,7.423022643728152,3491.467885718966,113,10.0,30,20,394,0.78,0.8684,0 days 00:11:55.932808000
214,1.0,5.2903312238472875,5292.881275261198,113,11.0,30,20,395,0.7000000000000001,0.7793333333333333,0 days 00:45:42.213552000
215,0.7118701212467021,2.1039500612384026,3348.084690785729,113,11.0,30,20,395,0.7000000000000001,0.7793333333333333,0 days 00:11:59.738766000
216,1.0,3.926783894835772,3881.362983713684,113,12.0,30,20,381,1.15,1.280333333333333,0 days 01:00:18.065587000
217,0.8061358586435728,7.733964132977881,3214.663201649719,113,12.0,30,20,381,1.15,1.280333333333333,0 days 00:15:42.490561000
218,1.0,3.383223046533848,19078.448245408552,113,5.0,30,20,356,1.4,1.5586666666666666,0 days 00:49:17.757032000
219,0.488429784314984,3.9895371839352975,3879.436391498232,113,5.0,30,20,356,1.4,1.5586666666666666,0 days 00:11:50.416177000
220,1.0,4.073380009739747,4831.92196067455,113,12.0,30,20,342,0.12,0.1336,0 days 01:17:24.728096000
221,0.7367466875319669,5.029368793497068,3352.171260712898,113,12.0,30,20,342,0.12,0.1336,0 days 00:20:31.981071000
222,1.0,3.778781165535195,7140.672006701037,113,10.0,30,20,222,0.8200000000000001,0.9129333333333334,0 days 01:01:29.223840000
223,0.6413647626240505,7.762910180496942,3418.8313425538563,113,10.0,30,20,222,0.8200000000000001,0.9129333333333334,0 days 00:15:53.144250000
224,1.0,5.461177557987973,9096.60607824236,113,9.0,30,20,236,1.02,1.1356,0 days 00:47:19.514775000
225,0.6030187230790317,6.145638403389387,3613.78148223633,113,9.0,30,20,236,1.02,1.1356,0 days 00:11:55.716140000
226,1.0,2.1957058116899764,11965.776701276309,113,8.0,30,20,213,0.37,0.4119333333333333,0 days 01:04:24.173426000
227,0.5522737998131877,3.963071496409493,3725.751064713767,113,8.0,30,20,213,0.37,0.4119333333333333,0 days 00:16:09.497517000
228,1.0,2.994151067956092,3972.755096025567,113,12.0,30,20,207,0.52,0.5789333333333333,0 days 00:59:03.021120000
229,0.8018907832773184,6.5764608438751795,3249.7572872443398,113,12.0,30,20,207,0.52,0.5789333333333333,0 days 00:15:19.976653000
230,1.0,5.782308266541572,3350.6084536781136,113,14.0,30,20,367,0.7000000000000001,0.7793333333333333,0 days 00:58:59.301963000
231,0.9970458297387024,2.338044109522275,3360.338743885945,113,14.0,30,20,367,0.7000000000000001,0.7793333333333333,0 days 00:15:40.056614000
232,1.0,3.9255373078212425,17392.387067907446,113,6.0,30,20,398,0.26,0.28946666666666665,0 days 00:49:41.691263000
233,0.4933960618282454,3.9202446293928284,3950.03895669824,113,6.0,30,20,398,0.26,0.28946666666666665,0 days 00:12:49.881638000
234,1.0,2.5432350353787663,18100.81167563339,113,6.0,30,20,399,0.17,0.18926666666666667,0 days 00:58:05.571219000
235,0.4821906480929505,3.826162756238351,4022.91587718046,113,6.0,30,20,399,0.17,0.18926666666666667,0 days 00:13:46.284027000
236,1.0,3.832402433966647,11516.546369719046,113,8.0,30,20,372,1.01,1.1244666666666667,0 days 00:45:26.626296000
237,0.5607903213879714,6.552927888521754,3667.917363070593,113,8.0,30,20,372,1.01,1.1244666666666667,0 days 00:11:55.607538000
238,1.0,3.1047531683446152,9582.360729048904,113,9.0,30,20,366,0.4,0.44533333333333336,0 days 01:02:41.069655000
239,0.5866563280095889,7.354944949796244,3576.1490640345296,113,9.0,30,20,366,0.4,0.44533333333333336,0 days 00:16:11.777965000
240,1.0,5.100898869281073,11445.832857608171,113,8.0,30,20,400,0.96,1.0688,0 days 00:56:51.339755000
241,0.5641376676147191,3.706968283210952,3712.733709916154,113,8.0,30,20,400,0.96,1.0688,0 days 00:13:33.337777000
242,1.0,4.2526431479861175,17703.0178891772,113,6.0,30,20,206,0.21,0.2338,0 days 01:05:45.432646000
243,0.488859113362834,5.703030744730612,3983.7016348139173,113,6.0,30,20,206,0.21,0.2338,0 days 00:17:24.908361000
244,1.0,5.89876687835604,13956.337741304093,113,7.0,30,20,212,1.33,1.4807333333333337,0 days 00:59:38.481417000
245,0.5300362895934316,5.204971542954873,3734.504222337514,113,7.0,30,20,212,1.33,1.4807333333333337,0 days 00:15:20.492675000
246,1.0,2.008419639567802,19202.455653807167,113,5.0,30,20,238,0.6,0.6679999999999999,0 days 00:48:29.379778000
247,0.4894747945877178,3.051615767900362,3977.4989374348693,113,5.0,30,20,238,0.6,0.6679999999999999,0 days 00:12:15.667121000
248,1.0,7.542554258079366,3247.15410784048,113,13.0,30,20,204,0.49,0.5455333333333333,0 days 01:00:10.079522000
249,0.9310851094917127,4.69033305699006,3179.861858935194,113,13.0,30,20,204,0.49,0.5455333333333333,0 days 00:15:25.882402000
250,1.0,5.949471444016056,18984.265826304098,113,5.0,30,20,210,0.94,1.046533333333333,0 days 00:57:42.952265000
251,0.4932184639209053,5.546242975426684,3971.558117585276,113,5.0,30,20,210,0.94,1.046533333333333,0 days 00:15:09.324226000
252,1.0,6.07516069603528,,113,14.0,30,20,358,1.12,1.2469333333333334,0 days 00:49:37.316262000
253,0.9992513056289356,4.5724203789036935,3299.8295523324714,113,14.0,30,20,358,1.12,1.2469333333333334,0 days 00:11:54.814941000
254,1.0,2.7294915881180266,13894.7866440316,113,7.0,30,20,370,1.27,1.4139333333333333,0 days 00:58:13.797291000
255,0.532884566030313,4.239014276270146,3768.400897743496,113,7.0,30,20,370,1.27,1.4139333333333333,0 days 00:15:44.867453000
256,1.0,4.386667678630025,,113,14.0,30,20,364,0.24,0.2672,0 days 00:52:16.200334000
257,0.9929378074759704,4.835574082923874,3351.008441322621,113,14.0,30,20,364,0.24,0.2672,0 days 00:13:18.764373000
258,1.0,3.676496474503861,11947.521700563404,113,8.0,30,20,365,0.41,0.4564666666666667,0 days 00:53:39.968196000
259,0.5500657542367924,6.811302411100143,3687.858644369119,113,8.0,30,20,365,0.41,0.4564666666666667,0 days 00:13:34.695704000
260,1.0,3.48659176169567,,113,9.0,30,20,371,0.71,0.7904666666666665,0 days 00:59:34.082033000
261,0.5971957570140329,4.029426157220613,3582.9172076088253,113,9.0,30,20,371,0.71,0.7904666666666665,0 days 00:15:58.137230000
262,1.0,4.207074989477632,19435.908154002627,113,5.0,30,20,359,0.44,0.4898666666666667,0 days 00:53:24.518461000
263,0.4849600573193005,6.43329103461008,3980.149483959288,113,5.0,30,20,359,0.44,0.4898666666666667,0 days 00:12:43.865098000
264,1.0,5.1604431818548235,11723.270495163095,113,8.0,30,20,211,0.52,0.5789333333333333,0 days 01:01:45.529616000
265,0.557115153547411,5.820285807518648,3714.9612945471863,113,8.0,30,20,211,0.52,0.5789333333333333,0 days 00:15:25.906996000
266,1.0,3.473596366633449,5288.019442385144,113,11.0,30,20,205,0.73,0.8127333333333333,0 days 00:58:58.545749000
267,0.7119151651117026,6.4034419641572615,3342.6272585102197,113,11.0,30,20,205,0.73,0.8127333333333333,0 days 00:15:13.145687000
268,1.0,3.4475250765343612,18862.91617075169,113,5.0,30,20,239,1.19,1.3248666666666666,0 days 00:51:46.303549000
269,0.4968978643413575,6.647086427314654,3986.797535506023,113,5.0,30,20,239,1.19,1.3248666666666666,0 days 00:13:01.658878000
270,1.0,6.2531275483350015,16609.10310485204,113,6.0,30,20,215,1.39,1.5475333333333334,0 days 00:59:46.660579000
271,0.5036608471355184,3.1684491535621984,3762.284981808006,113,6.0,30,20,215,1.39,1.5475333333333334,0 days 00:15:24.534902000
272,1.0,5.874219396070892,3919.842261661265,113,12.0,30,20,229,0.77,0.8572666666666666,0 days 00:48:08.442926000
273,0.7987430419232809,2.7516901726734755,3190.582391033987,113,12.0,30,20,229,0.77,0.8572666666666666,0 days 00:12:24.439406000
274,1.0,2.9707304225979185,11527.361669651676,113,8.0,30,20,375,1.26,1.4028,0 days 00:58:32.543183000
275,0.557652173195728,3.4772511686464584,3631.836879279357,113,8.0,30,20,375,1.26,1.4028,0 days 00:15:21.548977000
276,1.0,7.016393622424077,13881.384511970144,113,7.0,30,20,361,1.06,1.1801333333333333,0 days 00:51:10.271584000
277,0.5340006712886619,6.831898542556339,3799.373159465697,113,7.0,30,20,361,1.06,1.1801333333333333,0 days 00:12:11.386647000
278,1.0,5.283298182795257,26022.33868886382,113,5.0,30,20,349,0.05,0.05566666666666667,0 days 01:45:14.624295000
279,0.4014512294174689,4.7216739979091535,4923.6111306236935,113,5.0,30,20,349,0.05,0.05566666666666667,0 days 00:25:22.549523000
280,1.0,6.9940795313870625,3927.9423579196227,113,12.0,30,20,348,0.7000000000000001,0.7793333333333333,0 days 01:02:25.730279000
281,0.8043050329530862,4.273793387797399,3231.8777247987923,113,12.0,30,20,348,0.7000000000000001,0.7793333333333333,0 days 00:16:16.514509000
282,1.0,4.01487535271486,13908.121558804585,113,7.0,30,20,360,1.18,1.3137333333333332,0 days 00:58:19.533521000
283,0.5325231385535958,2.877037068811209,3771.6358792437013,113,7.0,30,20,360,1.18,1.3137333333333332,0 days 00:15:20.675519000
284,1.0,2.9414667447960086,14793.48128261795,113,7.0,30,20,374,0.27,0.30060000000000003,0 days 00:56:40.321777000
285,0.517025672536805,3.312270080214852,3850.000756805032,113,7.0,30,20,374,0.27,0.30060000000000003,0 days 00:13:33.328422000
286,1.0,5.35203954240721,18912.806943265045,113,5.0,30,20,228,1.02,1.1356,0 days 00:45:10.679247000
287,0.4958602595780981,4.077867065151038,3988.0437675356416,113,5.0,30,20,228,1.02,1.1356,0 days 00:11:51.751890000
288,1.0,3.2544695772032406,3299.479288303493,113,13.0,30,20,214,0.28,0.31173333333333336,0 days 01:05:11.932606000
289,0.9054700575414172,3.979933423542924,3169.4204603000658,113,13.0,30,20,214,0.28,0.31173333333333336,0 days 00:16:24.570025000
290,1.0,7.529522158166843,3155.837476335047,113,13.0,30,20,216,1.17,1.3025999999999998,0 days 01:00:13.502783000
291,0.932148345530864,3.561609960602971,3097.3043414105628,113,13.0,30,20,216,1.17,1.3025999999999998,0 days 00:15:45.330181000
292,1.0,7.970613059330006,14001.71018228603,113,7.0,30,20,202,0.79,0.8795333333333334,0 days 00:59:00.574975000
293,0.5319878719382742,6.0788054160467535,3795.090898687968,113,7.0,30,20,202,0.79,0.8795333333333334,0 days 00:15:10.073204000
294,1.0,5.8499855689250815,3882.373405216704,113,12.0,30,20,362,1.25,1.3916666666666666,0 days 00:57:48.772605000
295,0.7971995869727061,6.4836849467141615,3144.3816261406364,113,12.0,30,20,362,1.25,1.3916666666666666,0 days 00:15:31.221871000
296,1.0,5.695080182438438,5292.881275261198,113,11.0,30,20,376,0.7000000000000001,0.7793333333333333,0 days 00:59:34.039592000
297,0.7131679340176201,7.032494978146619,3348.1084573680864,113,11.0,30,20,376,0.7000000000000001,0.7793333333333333,0 days 00:15:52.648483000
298,1.0,6.049776131713863,18386.20466032952,113,6.0,30,20,389,0.15,0.16699999999999998,0 days 01:08:24.023772000
299,0.4773627781163996,5.286099741423085,4050.410280303063,113,6.0,30,20,389,0.15,0.16699999999999998,0 days 00:17:08.177026000
300,1.0,4.675859788392534,10065.184086249094,113,9.0,30,20,388,0.23,0.25606666666666666,0 days 00:50:23.444068000
301,0.5768184244788921,7.105376040618714,3633.7751813124373,113,9.0,30,20,388,0.23,0.25606666666666666,0 days 00:12:55.622871000
302,1.0,3.3795560797922617,19288.965620960425,113,5.0,30,20,377,0.49,0.5455333333333333,0 days 01:00:36.770671000
303,0.4886384127451015,4.686423017138696,4003.316453743085,113,5.0,30,20,377,0.49,0.5455333333333333,0 days 00:16:03.278623000
304,1.0,4.85827487797324,16609.10310485204,113,6.0,30,20,363,1.39,1.5475333333333334,0 days 00:51:56.451032000
305,0.5024140322695746,3.1244025691238004,3762.149654271916,113,6.0,30,20,363,1.39,1.5475333333333334,0 days 00:12:14.157840000
306,1.0,5.97429235806257,3212.023448875236,113,14.0,30,20,203,1.22,1.3582666666666663,0 days 00:57:40.458694000
307,0.9985887840948794,5.173492382140132,3217.772405057565,113,14.0,30,20,203,1.22,1.3582666666666663,0 days 00:14:52.605340000
308,1.0,4.145833952723353,3240.212122781181,113,14.0,30,20,217,1.0,1.1133333333333333,0 days 01:00:23.903094000
309,0.9995669612333924,2.340941430191748,3243.8852261167663,113,14.0,30,20,217,1.0,1.1133333333333333,0 days 00:15:44.614056000
310,1.0,5.0671961904745295,11619.73187598759,113,8.0,30,20,258,1.0,1.1133333333333333,0 days 00:45:27.564585000
311,0.5546740088525045,2.5941210946556743,3616.947624409513,113,8.0,30,20,258,1.0,1.1133333333333333,0 days 00:11:56.793392000
312,1.0,2.2136736701844253,3179.0851933329577,113,13.0,30,20,270,0.95,1.0576666666666668,0 days 00:47:07.977476000
313,0.9340832927625966,2.2424772471224443,3123.123870927371,113,13.0,30,20,270,0.95,1.0576666666666668,0 days 00:12:03.936264000
314,1.0,3.2858380985386413,11609.956098398035,113,8.0,30,20,264,1.25,1.3916666666666666,0 days 00:47:29.281468000
315,0.5533090323997603,3.7530719045103074,3591.288399704143,113,8.0,30,20,264,1.25,1.3916666666666666,0 days 00:12:02.360721000
316,1.0,3.72286913607821,7571.897805137327,113,10.0,30,20,338,0.29,0.32286666666666664,0 days 01:06:35.938896000
317,0.6311487755794508,7.792161123040142,3492.0548317653993,113,10.0,30,20,338,0.29,0.32286666666666664,0 days 00:17:36.674531000
318,1.0,6.749755377843199,18892.36696724789,113,5.0,30,20,304,1.11,1.2358,0 days 01:04:10.856436000
319,0.4961672609175709,4.249567651186652,3984.044539580928,113,5.0,30,20,304,1.11,1.2358,0 days 00:16:57.157154000
320,1.0,7.794162206046543,14337.271603160398,113,7.0,30,20,310,0.43,0.4787333333333333,0 days 00:50:34.242131000
321,0.5257272415093165,2.952994553673035,3816.810551404145,113,7.0,30,20,310,0.43,0.4787333333333333,0 days 00:12:41.164846000
322,1.0,5.0631578862761195,11508.227209940234,113,8.0,30,20,311,0.92,1.0242666666666669,0 days 01:04:51.675758000
323,0.5614462427076169,3.2853681536735713,3687.5724388374156,113,8.0,30,20,311,0.92,1.0242666666666669,0 days 00:16:29.881487000
324,1.0,3.510984522412169,3868.99455830005,113,12.0,30,20,305,1.41,1.5698,0 days 01:04:31.329978000
325,0.8073410755497681,7.1545340573523575,3207.4559398436213,113,12.0,30,20,305,1.41,1.5698,0 days 00:17:18.683314000
326,1.0,6.378839802173972,3159.8410520885686,113,13.0,30,20,339,1.33,1.4807333333333337,0 days 00:44:55.989500000
327,0.9350738176387966,7.235198836672939,3106.618157009341,113,13.0,30,20,339,1.33,1.4807333333333337,0 days 00:11:47.728402000
328,1.0,3.123063609935965,3967.7766167177297,113,12.0,30,20,265,0.54,0.6012000000000001,0 days 00:47:52.280742000
329,0.7990593625094566,5.788245448394468,3225.7284441096344,113,12.0,30,20,265,0.54,0.6012000000000001,0 days 00:12:16.653954000
330,1.0,4.014311678706525,,113,14.0,30,20,271,0.56,0.6234666666666667,0 days 00:48:06.100088000
331,0.999958576498703,4.727911829250336,3366.5017427977978,113,14.0,30,20,271,0.56,0.6234666666666667,0 days 00:12:27.019922000
332,1.0,5.979729449247402,12093.597944189794,113,8.0,30,20,259,0.33,0.3674,0 days 00:47:56.076556000
333,0.5487744134871033,6.399850544927291,3718.18470048548,113,8.0,30,20,259,0.33,0.3674,0 days 00:12:40.331070000
334,1.0,3.138919951633537,5333.641723615353,113,11.0,30,20,267,0.65,0.7236666666666667,0 days 00:47:48.738134000
335,0.7069871730145655,7.521285759138175,3316.8757104550123,113,11.0,30,20,267,0.65,0.7236666666666667,0 days 00:12:12.138954000
336,1.0,2.0242422981340042,11610.887699627172,113,8.0,30,20,273,0.74,0.8238666666666666,0 days 00:45:23.718540000
337,0.5589473295183286,3.90023536048501,3677.340622430468,113,8.0,30,20,273,0.74,0.8238666666666666,0 days 00:11:53.512836000
338,1.0,2.142364106431008,21980.537152318677,113,6.0,30,20,298,0.06,0.0668,0 days 01:34:34.621027000
339,0.4292159446221293,7.412952513907541,4585.079490893685,113,6.0,30,20,298,0.06,0.0668,0 days 00:21:03.539640000
340,1.0,3.2322146478298373,17824.652010407757,113,6.0,30,20,313,0.2,0.22266666666666668,0 days 01:17:42.131491000
341,0.4858858232754261,2.3571147168689617,3972.7645470976936,113,6.0,30,20,313,0.2,0.22266666666666668,0 days 00:15:26.911233000
342,1.0,5.686207390301785,16842.463422408953,113,6.0,30,20,307,0.5,0.5566666666666666,0 days 00:52:59.281951000
343,0.5025661982478579,2.3161295423074,3865.8900997594737,113,6.0,30,20,307,0.5,0.5566666666666666,0 days 00:14:38.384425000
344,1.0,3.2474964730611013,16444.369431804564,113,6.0,30,20,306,1.37,1.5252666666666668,0 days 01:01:00.991552000
345,0.5089030797183408,6.702884436516308,3833.6218594180514,113,6.0,30,20,306,1.37,1.5252666666666668,0 days 00:15:26.459071000
346,1.0,7.9720084312428225,3173.5830244611693,113,13.0,30,20,312,1.05,1.169,0 days 01:04:41.753380000
347,0.9341304155427425,5.677214931353023,3118.9754723936403,113,13.0,30,20,312,1.05,1.169,0 days 00:16:05.023391000
348,1.0,4.080623337082193,3359.540921679032,113,14.0,30,20,299,0.34,0.3785333333333333,0 days 00:48:26.766459000
349,0.9967573800921288,5.112227718838039,3368.6430576195758,113,14.0,30,20,299,0.34,0.3785333333333333,0 days 00:12:42.879600000
350,1.0,2.1949539808383842,3234.6140769799213,113,13.0,30,20,272,0.44,0.4898666666666667,0 days 00:47:22.227981000
351,0.9208040619344762,7.164055841544455,3150.216424949027,113,13.0,30,20,272,0.44,0.4898666666666667,0 days 00:12:36.352418000
352,1.0,5.841595227441043,3325.4916984255715,113,14.0,30,20,266,0.62,0.6902666666666666,0 days 00:47:45.331345000
353,0.9999388761483704,6.587251050627624,3328.423076623175,113,14.0,30,20,266,0.62,0.6902666666666666,0 days 00:12:08.576572000
354,1.0,7.378406609157608,18972.18498486012,113,5.0,30,20,262,1.08,1.2024,0 days 00:46:48.122303000
355,0.4932144665638773,5.8967560317475725,3954.9452149624663,113,5.0,30,20,262,1.08,1.2024,0 days 00:12:00.451004000
356,1.0,7.895030313029635,5655.3407010138135,113,11.0,30,20,276,0.28,0.31173333333333336,0 days 00:49:03.346166000
357,0.693979670801348,7.6223330569783005,3362.2795888469645,113,11.0,30,20,276,0.28,0.31173333333333336,0 days 00:12:57.383314000
358,1.0,5.4491698720419155,3882.373405216704,113,12.0,30,20,289,1.25,1.3916666666666666,0 days 00:58:41.896066000
359,0.7964392889324908,3.7713088308724267,3144.3622572836152,113,12.0,30,20,289,1.25,1.3916666666666666,0 days 00:16:24.637556000
360,1.0,3.5619727994654165,19864.002886565082,113,5.0,30,20,316,0.28,0.31173333333333336,0 days 01:03:39.179433000
361,0.4777467680863138,2.028360971352671,4025.395664956705,113,5.0,30,20,316,0.28,0.31173333333333336,0 days 00:16:50.688380000
362,1.0,4.915544043106705,3299.9005948396452,113,14.0,30,20,302,0.76,0.8461333333333333,0 days 01:04:24.922876000
363,0.9979206756379464,5.232011485064599,3307.337412785126,113,14.0,30,20,302,0.76,0.8461333333333333,0 days 00:17:49.498977000
364,1.0,6.328487210067139,6041.583641048757,113,11.0,30,20,303,0.18,0.2004,0 days 01:14:55.441925000
365,0.6766893613484587,5.819314474335872,3394.749365729326,113,11.0,30,20,303,0.18,0.2004,0 days 00:18:30.035511000
366,1.0,2.7908719729366056,10508.499598028871,113,9.0,30,20,317,0.17,0.18926666666666667,0 days 01:09:01.736375000
367,0.5663984038053238,7.134106548988197,3678.301106047219,113,9.0,30,20,317,0.17,0.18926666666666667,0 days 00:17:59.914877000
368,1.0,6.7057413159118875,16519.126481347175,113,6.0,30,20,288,1.4,1.5586666666666666,0 days 00:57:42.161266000
369,0.5058537062301037,3.528213659674164,3799.350501361342,113,6.0,30,20,288,1.4,1.5586666666666666,0 days 00:16:19.662737000
370,1.0,2.8640854757466747,3891.645893014374,113,12.0,30,20,277,0.98,1.0910666666666666,0 days 00:58:30.109941000
371,0.8135019652850389,2.7216426424854623,3266.6966546265,113,12.0,30,20,277,0.98,1.0910666666666666,0 days 00:15:56.735103000
372,1.0,7.467059368743987,11487.48382784519,113,8.0,30,20,263,0.89,0.9908666666666668,0 days 00:48:00.548689000
373,0.5631859559849325,5.345278704969576,3704.255503619053,113,8.0,30,20,263,0.89,0.9908666666666668,0 days 00:12:14.844201000
374,1.0,5.447600309236722,3953.80522553928,113,12.0,30,20,275,0.59,0.6568666666666666,0 days 00:46:25.824650000
375,0.7991472394580391,2.2969317576442965,3214.7780484315635,113,12.0,30,20,275,0.59,0.6568666666666666,0 days 00:12:10.616366000
376,1.0,7.8983232528192975,5297.710361588379,113,11.0,30,20,261,0.6900000000000001,0.7682,0 days 00:47:24.814739000
377,0.7115907549374885,7.942040877572911,3345.85687317299,113,11.0,30,20,261,0.6900000000000001,0.7682,0 days 00:11:59.870991000
378,1.0,6.2613442872367955,9156.6761794987,113,9.0,30,20,249,1.15,1.280333333333333,0 days 00:45:06.802663000
379,0.5982132523909197,5.218670108720994,3559.7227144143926,113,9.0,30,20,249,1.15,1.280333333333333,0 days 00:11:51.244715000
380,1.0,3.4416861261963936,16588.813532321852,113,6.0,30,20,301,0.73,0.8127333333333333,0 days 00:57:16.728706000
381,0.5075512934880195,6.477760042266833,3872.502443074113,113,6.0,30,20,301,0.73,0.8127333333333333,0 days 00:12:35.224548000
382,1.0,2.037972839377577,14075.36657508587,113,7.0,30,20,315,1.39,1.5475333333333334,0 days 00:58:06.162813000
383,0.5243244889795492,3.7816776059329413,3675.5124971590776,113,7.0,30,20,315,1.39,1.5475333333333334,0 days 00:15:17.135335000
384,1.0,3.5800964505074697,13956.337741304093,113,7.0,30,20,329,1.33,1.4807333333333337,0 days 00:47:53.245662000
385,0.5299107549315323,5.9619289892515726,3734.504847393857,113,7.0,30,20,329,1.33,1.4807333333333337,0 days 00:11:55.778590000
386,1.0,2.6894276204809007,,113,6.0,30,20,328,0.71,0.7904666666666665,0 days 01:01:51.385049000
387,0.5083426666385752,3.88776915585125,3879.287280029876,113,6.0,30,20,328,0.71,0.7904666666666665,0 days 00:17:11.830128000
388,1.0,6.5838938477116535,7265.679743221563,113,10.0,30,20,314,0.47,0.5232666666666667,0 days 00:51:43.196971000
389,0.6412226527089757,5.669437761762763,3478.171502076715,113,10.0,30,20,314,0.47,0.5232666666666667,0 days 00:13:32.152295000
390,1.0,7.486223920815783,9069.414392670344,113,9.0,30,20,300,1.42,1.580933333333333,0 days 00:59:18.283501000
391,0.6022722115836197,7.988868954163082,3587.1089991036993,113,9.0,30,20,300,1.42,1.580933333333333,0 days 00:16:49.715330000
392,1.0,3.900713996331264,3889.8480065306585,113,12.0,30,20,248,1.03,1.1467333333333334,0 days 00:44:58.756593000
393,0.8055626609014457,2.813581739708324,3211.8358420863183,113,12.0,30,20,248,1.03,1.1467333333333334,0 days 00:11:46.529743000
394,1.0,6.637915791913097,7087.660155038288,113,10.0,30,20,260,1.32,1.4696,0 days 00:46:41.996492000
395,0.6403054585075205,5.832891632401953,3386.838289711418,113,10.0,30,20,260,1.32,1.4696,0 days 00:11:51.593380000
396,1.0,6.015910550211206,,113,11.0,30,20,274,1.12,1.2469333333333334,0 days 00:49:51.338851000
397,0.7118293240703593,4.9664774529248605,3312.4192397030183,113,11.0,30,20,274,1.12,1.2469333333333334,0 days 00:14:27.416842000
